Region,Segment,Profit
Central,Consumer,7.066046287128713
Central,Corporate,27.791830609212486
Central,Home Office,28.398201826484016
East,Consumer,28.04015268890402
East,Corporate,26.935665792474346
East,Home Office,53.20561115537849
South,Consumer,32.1164353221957
South,Corporate,29.833770980392156
South,Home Office,16.987626102941174
West,Consumer,34.36040909090909
West,Corporate,35.8723228125
West,Home Office,28.94993870402802
